https://api.bl.uk/metadata/iiif/ark:/81055/vdc_100025811599.0x000001/manifest.json,de
https://api.bl.uk/metadata/iiif/ark:/81055/vdc_100024007851.0x000001/manifest.json,en
https://api.bl.uk/metadata/iiif/ark:/81055/vdc_100025485955.0x000001/manifest.json,de
https://api.bl.uk/metadata/iiif/ark:/81055/vdc_100034337608.0x000001/manifest.json,en
https://api.bl.uk/metadata/iiif/ark:/81055/vdc_100024006491.0x000001/manifest.json,en
https://api.bl.uk/metadata/iiif/ark:/81055/vdc_100023606550.0x000001/manifest.json,fr
https://api.bl.uk/metadata/iiif/ark:/81055/vdc_100026870136.0x000001/manifest.json,fr
https://api.bl.uk/metadata/iiif/ark:/81055/vdc_100023068297.0x000001/manifest.json,de
https://api.bl.uk/metadata/iiif/ark:/81055/vdc_100057673382.0x000001/manifest.json,en
https://api.bl.uk/metadata/iiif/ark:/81055/vdc_100022777315.0x000001/manifest.json,en
https://api.bl.uk/metadata/iiif/ark:/81055/vdc_100023152961.0x000001/manifest.json,en
https://api.bl.uk/metadata/iiif/ark:/81055/vdc_100054885759.0x000001/manifest.json,en
https://api.bl.uk/metadata/iiif/ark:/81055/vdc_100026536827.0x000001/manifest.json,es
https://api.bl.uk/metadata/iiif/ark:/81055/vdc_100041473035.0x000001/manifest.json,sv
https://api.bl.uk/metadata/iiif/ark:/81055/vdc_100026920195.0x000001/manifest.json,en
https://api.bl.uk/metadata/iiif/ark:/81055/vdc_100024045132.0x000001/manifest.json,de
https://api.bl.uk/metadata/iiif/ark:/81055/vdc_100022664482.0x000001/manifest.json,de
https://api.bl.uk/metadata/iiif/ark:/81055/vdc_100024294874.0x000001/manifest.json,pl
https://api.bl.uk/metadata/iiif/ark:/81055/vdc_100026071786.0x000001/manifest.json,es
https://api.bl.uk/metadata/iiif/ark:/81055/vdc_100023844613.0x000001/manifest.json,fr
https://api.bl.uk/metadata/iiif/ark:/81055/vdc_100055396675.0x000001/manifest.json,de
https://api.bl.uk/metadata/iiif/ark:/81055/vdc_100055396780.0x000001/manifest.json,de
https://api.bl.uk/metadata/iiif/ark:/81055/vdc_100027238857.0x000001/manifest.json,xx
https://api.bl.uk/metadata/iiif/ark:/81055/vdc_100025819784.0x000001/manifest.json,es
https://api.bl.uk/metadata/iiif/ark:/81055/vdc_100045202012.0x000001/manifest.json,es
https://api.bl.uk/metadata/iiif/ark:/81055/vdc_100033698223.0x000001/manifest.json,en
https://api.bl.uk/metadata/iiif/ark:/81055/vdc_100032809707.0x000001/manifest.json,fr
https://api.bl.uk/metadata/iiif/ark:/81055/vdc_100022593292.0x000001/manifest.json,en
https://api.bl.uk/metadata/iiif/ark:/81055/vdc_100024187587.0x000001/manifest.json,en
https://api.bl.uk/metadata/iiif/ark:/81055/vdc_100037220831.0x000001/manifest.json,en
https://api.bl.uk/metadata/iiif/ark:/81055/vdc_100023172922.0x000001/manifest.json,en
https://api.bl.uk/metadata/iiif/ark:/81055/vdc_100029081431.0x000001/manifest.json,ca
https://api.bl.uk/metadata/iiif/ark:/81055/vdc_100045203177.0x000001/manifest.json,es
https://api.bl.uk/metadata/iiif/ark:/81055/vdc_100024083250.0x000001/manifest.json,en
https://api.bl.uk/metadata/iiif/ark:/81055/vdc_100023531476.0x000001/manifest.json,en
https://api.bl.uk/metadata/iiif/ark:/81055/vdc_100024369312.0x000001/manifest.json,af
https://api.bl.uk/metadata/iiif/ark:/81055/vdc_100024692397.0x000001/manifest.json,en
https://api.bl.uk/metadata/iiif/ark:/81055/vdc_100024160649.0x000001/manifest.json,en
https://api.bl.uk/metadata/iiif/ark:/81055/vdc_100026508187.0x000001/manifest.json,en
https://api.bl.uk/metadata/iiif/ark:/81055/vdc_100049795595.0x000001/manifest.json,de
https://api.bl.uk/metadata/iiif/ark:/81055/vdc_100049590787.0x000001/manifest.json,de
https://api.bl.uk/metadata/iiif/ark:/81055/vdc_100023085319.0x000001/manifest.json,de
https://api.bl.uk/metadata/iiif/ark:/81055/vdc_100023363021.0x000001/manifest.json,de
https://api.bl.uk/metadata/iiif/ark:/81055/vdc_100023107934.0x000001/manifest.json,fr
https://api.bl.uk/metadata/iiif/ark:/81055/vdc_100023815384.0x000001/manifest.json,de
https://api.bl.uk/metadata/iiif/ark:/81055/vdc_100024172802.0x000001/manifest.json,en
https://api.bl.uk/metadata/iiif/ark:/81055/vdc_100023689228.0x000001/manifest.json,en
https://api.bl.uk/metadata/iiif/ark:/81055/vdc_100024077513.0x000001/manifest.json,fr
https://api.bl.uk/metadata/iiif/ark:/81055/vdc_100032795647.0x000001/manifest.json,fr
https://api.bl.uk/metadata/iiif/ark:/81055/vdc_100049756897.0x000001/manifest.json,fr
https://api.bl.uk/metadata/iiif/ark:/81055/vdc_100030933725.0x000001/manifest.json,en
https://api.bl.uk/metadata/iiif/ark:/81055/vdc_100029716287.0x000001/manifest.json,de
https://api.bl.uk/metadata/iiif/ark:/81055/vdc_100024293886.0x000001/manifest.json,de
https://api.bl.uk/metadata/iiif/ark:/81055/vdc_100049437614.0x000001/manifest.json,ca
https://api.bl.uk/metadata/iiif/ark:/81055/vdc_100026243854.0x000001/manifest.json,en
https://api.bl.uk/metadata/iiif/ark:/81055/vdc_100032348560.0x000001/manifest.json,en
https://api.bl.uk/metadata/iiif/ark:/81055/vdc_100026132589.0x000001/manifest.json,en
https://api.bl.uk/metadata/iiif/ark:/81055/vdc_100049097558.0x000001/manifest.json,nl
https://api.bl.uk/metadata/iiif/ark:/81055/vdc_100031380636.0x000001/manifest.json,fr
https://api.bl.uk/metadata/iiif/ark:/81055/vdc_100023472303.0x000001/manifest.json,en
https://api.bl.uk/metadata/iiif/ark:/81055/vdc_100023039938.0x000001/manifest.json,en
https://api.bl.uk/metadata/iiif/ark:/81055/vdc_100024119555.0x000001/manifest.json,af
https://api.bl.uk/metadata/iiif/ark:/81055/vdc_100054435742.0x000001/manifest.json,en
https://api.bl.uk/metadata/iiif/ark:/81055/vdc_100031079998.0x000001/manifest.json,de
https://api.bl.uk/metadata/iiif/ark:/81055/vdc_100055396786.0x000001/manifest.json,de
https://api.bl.uk/metadata/iiif/ark:/81055/vdc_100023965644.0x000001/manifest.json,en
https://api.bl.uk/metadata/iiif/ark:/81055/vdc_100055396734.0x000001/manifest.json,de
https://api.bl.uk/metadata/iiif/ark:/81055/vdc_100055396678.0x000001/manifest.json,de
https://api.bl.uk/metadata/iiif/ark:/81055/vdc_100022716284.0x000001/manifest.json,en
https://api.bl.uk/metadata/iiif/ark:/81055/vdc_100025709220.0x000001/manifest.json,es
https://api.bl.uk/metadata/iiif/ark:/81055/vdc_100036159576.0x000001/manifest.json,en
https://api.bl.uk/metadata/iiif/ark:/81055/vdc_100025716012.0x000001/manifest.json,es
https://api.bl.uk/metadata/iiif/ark:/81055/vdc_100031042119.0x000001/manifest.json,es
https://api.bl.uk/metadata/iiif/ark:/81055/vdc_100024634376.0x000001/manifest.json,es
https://api.bl.uk/metadata/iiif/ark:/81055/vdc_100031190732.0x000001/manifest.json,en
https://api.bl.uk/metadata/iiif/ark:/81055/vdc_100023284372.0x000001/manifest.json,es
https://api.bl.uk/metadata/iiif/ark:/81055/vdc_100026264835.0x000001/manifest.json,en
https://api.bl.uk/metadata/iiif/ark:/81055/vdc_100023818462.0x000001/manifest.json,sv
https://api.bl.uk/metadata/iiif/ark:/81055/vdc_100029770113.0x000001/manifest.json,ca
https://api.bl.uk/metadata/iiif/ark:/81055/vdc_100025718016.0x000001/manifest.json,es
https://api.bl.uk/metadata/iiif/ark:/81055/vdc_100024069787.0x000001/manifest.json,it
https://api.bl.uk/metadata/iiif/ark:/81055/vdc_100026387352.0x000001/manifest.json,so
https://api.bl.uk/metadata/iiif/ark:/81055/vdc_100025716997.0x000001/manifest.json,es
https://api.bl.uk/metadata/iiif/ark:/81055/vdc_100049989738.0x000001/manifest.json,fr
https://api.bl.uk/metadata/iiif/ark:/81055/vdc_100023107177.0x000001/manifest.json,es
https://api.bl.uk/metadata/iiif/ark:/81055/vdc_100024162419.0x000001/manifest.json,en
https://api.bl.uk/metadata/iiif/ark:/81055/vdc_100033352550.0x000001/manifest.json,nl
https://api.bl.uk/metadata/iiif/ark:/81055/vdc_100045204336.0x000001/manifest.json,es
https://api.bl.uk/metadata/iiif/ark:/81055/vdc_100043361526.0x000001/manifest.json,fr
https://api.bl.uk/metadata/iiif/ark:/81055/vdc_100036440481.0x000001/manifest.json,es
https://api.bl.uk/metadata/iiif/ark:/81055/vdc_100036406044.0x000001/manifest.json,en
https://api.bl.uk/metadata/iiif/ark:/81055/vdc_100024633805.0x000001/manifest.json,en
https://api.bl.uk/metadata/iiif/ark:/81055/vdc_100032826479.0x000001/manifest.json,fr
https://api.bl.uk/metadata/iiif/ark:/81055/vdc_100049726916.0x000001/manifest.json,en
https://api.bl.uk/metadata/iiif/ark:/81055/vdc_100023889928.0x000001/manifest.json,fr
https://api.bl.uk/metadata/iiif/ark:/81055/vdc_100033672237.0x000001/manifest.json,en
https://api.bl.uk/metadata/iiif/ark:/81055/vdc_100025736058.0x000001/manifest.json,en
https://api.bl.uk/metadata/iiif/ark:/81055/vdc_100049657160.0x000001/manifest.json,en
https://api.bl.uk/metadata/iiif/ark:/81055/vdc_100025398117.0x000001/manifest.json,es
https://api.bl.uk/metadata/iiif/ark:/81055/vdc_100032858073.0x000001/manifest.json,fr
https://api.bl.uk/metadata/iiif/ark:/81055/vdc_100043188339.0x000001/manifest.json,fr
https://api.bl.uk/metadata/iiif/ark:/81055/vdc_100026258391.0x000001/manifest.json,en
https://api.bl.uk/metadata/iiif/ark:/81055/vdc_100036126553.0x000001/manifest.json,en
https://api.bl.uk/metadata/iiif/ark:/81055/vdc_100031066424.0x000001/manifest.json,fr
https://api.bl.uk/metadata/iiif/ark:/81055/vdc_100029598963.0x000001/manifest.json,de
https://api.bl.uk/metadata/iiif/ark:/81055/vdc_100046231524.0x000001/manifest.json,ca
https://api.bl.uk/metadata/iiif/ark:/81055/vdc_100028971962.0x000001/manifest.json,en
https://api.bl.uk/metadata/iiif/ark:/81055/vdc_100054841770.0x000001/manifest.json,en
https://api.bl.uk/metadata/iiif/ark:/81055/vdc_100029084348.0x000001/manifest.json,fr
https://api.bl.uk/metadata/iiif/ark:/81055/vdc_100026089301.0x000001/manifest.json,fr
https://api.bl.uk/metadata/iiif/ark:/81055/vdc_100026153144.0x000001/manifest.json,en
https://api.bl.uk/metadata/iiif/ark:/81055/vdc_100023523790.0x000001/manifest.json,en
https://api.bl.uk/metadata/iiif/ark:/81055/vdc_100039303567.0x000001/manifest.json,en
https://api.bl.uk/metadata/iiif/ark:/81055/vdc_100023293866.0x000001/manifest.json,de
https://api.bl.uk/metadata/iiif/ark:/81055/vdc_100025537119.0x000001/manifest.json,en
https://api.bl.uk/metadata/iiif/ark:/81055/vdc_100024074334.0x000001/manifest.json,es
https://api.bl.uk/metadata/iiif/ark:/81055/vdc_100055396732.0x000001/manifest.json,de
https://api.bl.uk/metadata/iiif/ark:/81055/vdc_100032426355.0x000001/manifest.json,af
https://api.bl.uk/metadata/iiif/ark:/81055/vdc_100026267016.0x000001/manifest.json,en
https://api.bl.uk/metadata/iiif/ark:/81055/vdc_100024651556.0x000001/manifest.json,ca
https://api.bl.uk/metadata/iiif/ark:/81055/vdc_100022726593.0x000001/manifest.json,cy
https://api.bl.uk/metadata/iiif/ark:/81055/vdc_100024090778.0x000001/manifest.json,en
https://api.bl.uk/metadata/iiif/ark:/81055/vdc_100027370345.0x000001/manifest.json,en
https://api.bl.uk/metadata/iiif/ark:/81055/vdc_100041468412.0x000001/manifest.json,xx
https://api.bl.uk/metadata/iiif/ark:/81055/vdc_100023084840.0x000001/manifest.json,it
https://api.bl.uk/metadata/iiif/ark:/81055/vdc_100032404503.0x000001/manifest.json,de
https://api.bl.uk/metadata/iiif/ark:/81055/vdc_100054716615.0x000001/manifest.json,ca
https://api.bl.uk/metadata/iiif/ark:/81055/vdc_100025088814.0x000001/manifest.json,en
https://api.bl.uk/metadata/iiif/ark:/81055/vdc_100043570342.0x000001/manifest.json,es
https://api.bl.uk/metadata/iiif/ark:/81055/vdc_100026492647.0x000001/manifest.json,fr
https://api.bl.uk/metadata/iiif/ark:/81055/vdc_100024061360.0x000001/manifest.json,de
https://api.bl.uk/metadata/iiif/ark:/81055/vdc_100024601434.0x000001/manifest.json,en
https://api.bl.uk/metadata/iiif/ark:/81055/vdc_100024592859.0x000001/manifest.json,en
https://api.bl.uk/metadata/iiif/ark:/81055/vdc_100024302762.0x000001/manifest.json,en
https://api.bl.uk/metadata/iiif/ark:/81055/vdc_100043382226.0x000001/manifest.json,es
https://api.bl.uk/metadata/iiif/ark:/81055/vdc_100023821323.0x000001/manifest.json,es
https://api.bl.uk/metadata/iiif/ark:/81055/vdc_100024330927.0x000001/manifest.json,so
https://api.bl.uk/metadata/iiif/ark:/81055/vdc_100023606842.0x000001/manifest.json,en
https://api.bl.uk/metadata/iiif/ark:/81055/vdc_100024064679.0x000001/manifest.json,ca
https://api.bl.uk/metadata/iiif/ark:/81055/vdc_100023776160.0x000001/manifest.json,ca
https://api.bl.uk/metadata/iiif/ark:/81055/vdc_100023327745.0x000001/manifest.json,it
https://api.bl.uk/metadata/iiif/ark:/81055/vdc_100026335359.0x000001/manifest.json,it
https://api.bl.uk/metadata/iiif/ark:/81055/vdc_100055985943.0x000001/manifest.json,en
https://api.bl.uk/metadata/iiif/ark:/81055/vdc_100023274544.0x000001/manifest.json,en
https://api.bl.uk/metadata/iiif/ark:/81055/vdc_100036703557.0x000001/manifest.json,it
https://api.bl.uk/metadata/iiif/ark:/81055/vdc_100026771937.0x000001/manifest.json,fr
https://api.bl.uk/metadata/iiif/ark:/81055/vdc_100025625566.0x000001/manifest.json,nl
https://api.bl.uk/metadata/iiif/ark:/81055/vdc_100043374429.0x000001/manifest.json,es
https://api.bl.uk/metadata/iiif/ark:/81055/vdc_100024028134.0x000001/manifest.json,en
https://api.bl.uk/metadata/iiif/ark:/81055/vdc_100043044591.0x000001/manifest.json,ca
https://api.bl.uk/metadata/iiif/ark:/81055/vdc_100034229248.0x000001/manifest.json,en
https://api.bl.uk/metadata/iiif/ark:/81055/vdc_100026865693.0x000001/manifest.json,en
https://api.bl.uk/metadata/iiif/ark:/81055/vdc_100023758560.0x000001/manifest.json,fr
https://api.bl.uk/metadata/iiif/ark:/81055/vdc_100024062528.0x000001/manifest.json,de
https://api.bl.uk/metadata/iiif/ark:/81055/vdc_100023848597.0x000001/manifest.json,en
https://api.bl.uk/metadata/iiif/ark:/81055/vdc_100023811956.0x000001/manifest.json,fr
https://api.bl.uk/metadata/iiif/ark:/81055/vdc_100022614687.0x000001/manifest.json,en
https://api.bl.uk/metadata/iiif/ark:/81055/vdc_100054603716.0x000001/manifest.json,it
https://api.bl.uk/metadata/iiif/ark:/81055/vdc_100039298761.0x000001/manifest.json,en
https://api.bl.uk/metadata/iiif/ark:/81055/vdc_100029093815.0x000001/manifest.json,en
https://api.bl.uk/metadata/iiif/ark:/81055/vdc_100029076620.0x000001/manifest.json,de
https://api.bl.uk/metadata/iiif/ark:/81055/vdc_100024597247.0x000001/manifest.json,en
https://api.bl.uk/metadata/iiif/ark:/81055/vdc_100030880128.0x000001/manifest.json,en
https://api.bl.uk/metadata/iiif/ark:/81055/vdc_100026266845.0x000001/manifest.json,en
https://api.bl.uk/metadata/iiif/ark:/81055/vdc_100054709469.0x000001/manifest.json,fr
https://api.bl.uk/metadata/iiif/ark:/81055/vdc_100022707670.0x000001/manifest.json,af
https://api.bl.uk/metadata/iiif/ark:/81055/vdc_100025526196.0x000001/manifest.json,en
https://api.bl.uk/metadata/iiif/ark:/81055/vdc_100056451067.0x000001/manifest.json,so
https://api.bl.uk/metadata/iiif/ark:/81055/vdc_100023382100.0x000001/manifest.json,en
https://api.bl.uk/metadata/iiif/ark:/81055/vdc_100027347858.0x000001/manifest.json,en
https://api.bl.uk/metadata/iiif/ark:/81055/vdc_100056120902.0x000001/manifest.json,af
https://api.bl.uk/metadata/iiif/ark:/81055/vdc_100025447919.0x000001/manifest.json,en
https://api.bl.uk/metadata/iiif/ark:/81055/vdc_100048955091.0x000001/manifest.json,en
https://api.bl.uk/metadata/iiif/ark:/81055/vdc_100024374739.0x000001/manifest.json,pl
https://api.bl.uk/metadata/iiif/ark:/81055/vdc_100032623300.0x000001/manifest.json,xx
https://api.bl.uk/metadata/iiif/ark:/81055/vdc_100023991987.0x000001/manifest.json,fr
https://api.bl.uk/metadata/iiif/ark:/81055/vdc_100023134259.0x000001/manifest.json,fr
https://api.bl.uk/metadata/iiif/ark:/81055/vdc_100023351810.0x000001/manifest.json,it
https://api.bl.uk/metadata/iiif/ark:/81055/vdc_100026692517.0x000001/manifest.json,en
https://api.bl.uk/metadata/iiif/ark:/81055/vdc_100037221661.0x000001/manifest.json,xx
https://api.bl.uk/metadata/iiif/ark:/81055/vdc_100029086011.0x000001/manifest.json,ca
https://api.bl.uk/metadata/iiif/ark:/81055/vdc_100025582256.0x000001/manifest.json,es
https://api.bl.uk/metadata/iiif/ark:/81055/vdc_100043192928.0x000001/manifest.json,de
https://api.bl.uk/metadata/iiif/ark:/81055/vdc_100024407469.0x000001/manifest.json,en
https://api.bl.uk/metadata/iiif/ark:/81055/vdc_100036435080.0x000001/manifest.json,es
https://api.bl.uk/metadata/iiif/ark:/81055/vdc_100024611272.0x000001/manifest.json,en
https://api.bl.uk/metadata/iiif/ark:/81055/vdc_100025210079.0x000001/manifest.json,fr
https://api.bl.uk/metadata/iiif/ark:/81055/vdc_100038616583.0x000001/manifest.json,en
https://api.bl.uk/metadata/iiif/ark:/81055/vdc_100024644774.0x000001/manifest.json,fr
https://api.bl.uk/metadata/iiif/ark:/81055/vdc_100026711532.0x000001/manifest.json,ca
